abboip,37.75134,-122.39488
abcoij,37.77851,-122.39635
abdremlu,37.61625,-122.38587
abgibo,37.7638,-122.39769
abjoolaw,37.76943,-122.42457
abmuyawm,37.78127,-122.39581
abniar,37.80246,-122.40186
abnovkak,37.7514,-122.39529
abtyff,37.78506,-122.40026
abwecnij,37.79163,-122.3923
abyalwif,37.79837,-122.40248
acdiyito,37.75264,-122.40308
acduou,37.78609,-122.41116
acgerl,37.70724,-122.39461
acitva,37.72931,-122.40361
ackgrica,37.39555,-122.01205
acpegho,37.79711,-122.42195
acvebr,37.75101,-122.41834
adkavy,37.61549,-122.38821
adnerst,37.76987,-122.39762
adpaifo,37.79021,-122.39422
aducrisi,37.61688,-122.38802
afmorc,37.78674,-122.40983
afpansh,37.78417,-122.40804
afsfat,37.73064,-122.3925
afweka,37.75139,-122.39424
agcowktu,37.7513,-122.39463
agdrea,37.61574,-122.3881
aggjuo,37.79439,-122.40097
agivle,37.75159,-122.39517
agjitfa,37.61639,-122.38594
agsuec,37.78825,-122.41837
agvexpia,37.66506,-122.39734
agyamker,37.68752,-122.39037
aichash,37.79614,-122.42184
ailbcuv,37.74481,-122.39503
aimidd,37.61639,-122.38604
ainplin,37.7857,-122.4219
aitpygg,37.79265,-122.40358
aivtytan,37.75171,-122.39438
aiwalb,37.61632,-122.38606
ajixdo,37.7516,-122.39419
ajsips,37.61806,-122.38619
ajsnedsi,37.67842,-122.3885
ajthof,37.75165,-122.39498
ajtreo,37.78466,-122.42335
akgicjud,37.7802,-122.41904
akvutvo,37.79676,-122.4516
akyeerbi,37.78656,-122.45269
aldhidd,37.75129,-122.39493
alnihi,37.76655,-122.43556
alsheth,37.77541,-122.42106
amciuca,37.62053,-122.4002
amknywr,37.61513,-122.38948
amnurgji,37.79451,-122.39746
amvefarl,37.78425,-122.41061
amwibs,37.61649,-122.38603
ancedvab,37.78371,-122.40257
ancorjo,37.65938,-122.45496
ancyclsu,37.67808,-122.38842
andyol,37.79173,-122.39622
aniajcr,37.71996,-122.46983
anidgib,37.65256,-122.45281
ankped,37.79355,-122.3965
ansyut,37.75127,-122.39493
anucks,37.78037,-122.39446
anupwr,37.61625,-122.38618
apigcyd,37.68655,-122.39016
appsri,37.75168,-122.3952
apsskyul,37.78692,-122.41124
aquawaw,37.79256,-122.40075
arcksy,37.77661,-122.39535
arcuim,37.61817,-122.3995
arcurbig,37.79184,-122.41087
arhilby,37.74938,-122.40292
arlwras,37.78505,-122.39993
arphaud,37.61556,-122.38918
artgagvu,37.80643,-122.40509
ascley,37.80619,-122.41708
ashgati,37.75159,-122.39527
asigno,37.79582,-122.39699
askmecle,37.61568,-122.38814
aslagni,37.61346,-122.39542
aswift,37.64525,-122.41413
atcilav,37.61398,-122.39536
atfrav,37.618,-122.38618
atfrim,37.79506,-122.4302
atidfi,37.69538,-122.39187
atnokvo,37.61637,-122.38612
atsfiv,37.58698,-122.34644
atzumbon,37.75147,-122.395
aucjun,37.5945,-122.36774
auctjir,37.79152,-122.39252
aupclik,37.75139,-122.39489
aurjyen,37.79214,-122.4108
avdyab,37.8235,-122.26545
avglybic,37.78243,-122.41231
aviltly,37.72692,-122.39193
avpavi,37.75618,-122.4765
awnbeb,37.7792,-122.49652
awrenba,37.78385,-122.42105
awribig,37.75143,-122.39515
aydwaho,37.7515,-122.39427
ayfsdu,37.61468,-122.39276
aygpha,37.72382,-122.43292
aypudby,37.78256,-122.42242
ayquasto,37.75202,-122.39377
ayquexar,37.79117,-122.41586
ayshekki,37.66635,-122.42869
ayshowg,37.61564,-122.38822
aysmsla,37.47691,-122.16905
eacderph,37.72957,-122.40352
eadectio,37.75544,-122.40315
eagbaci,37.71379,-122.43603
eapceou,37.78468,-122.40082
easnsvu,37.6165,-122.38611
eavcaifo,37.62502,-122.40086
eavflid,37.79475,-122.42666
ebcicy,37.79655,-122.40067
ebdafya,37.80665,-122.4204
ebenfrag,37.78104,-122.4588
ebrulra,37.75174,-122.39413
ebstic,37.79972,-122.40946
eccest,37.77871,-122.41024
ecdiwovu,37.61645,-122.38619
ecfesy,37.72064,-122.40015
ecforj,37.75139,-122.395
ecgojtyt,37.79549,-122.40333
ecjeody,37.79246,-122.40274
eckecky,37.75156,-122.39389
ecnoplsi,37.69649,-122.39224
eddreba,37.78817,-122.4337
edeejdru,37.79227,-122.40989
edglevi,37.76491,-122.40166
edgrat,37.80302,-122.4019
edjiye,37.78953,-122.40828
edlyxy,37.59901,-122.37464
edmugrip,37.70127,-122.39354
ednillo,37.79896,-122.40107
edodblea,37.80729,-122.40698
edomboys,37.61635,-122.38618
edrafs,37.75141,-122.39543
eedigkr,37.7514,-122.39479
eefayb,37.80003,-122.40008
eegcef,37.75129,-122.39411
eemafbij,37.68444,-122.47255
eenjoug,37.74536,-122.40502
eersdo,37.7961,-122.42182
eesbaj,37.42953,-122.25449
efcati,37.76355,-122.47619
effneomi,37.80647,-122.41469
efghakdi,37.75177,-122.39502
efgoaku,37.81126,-122.26674
efmymo,37.75171,-122.39502
efonve,37.73714,-122.40474
efspheco,37.78513,-122.41659
eggfrij,37.69315,-122.39146
eghanwib,37.78125,-122.46188
eglohabs,37.75142,-122.39501
egnatab,37.75878,-122.41067
egoiwroi,37.75128,-122.39502
egreosko,37.77278,-122.41249
egteir,37.75135,-122.39526
egwicjuv,37.61656,-122.38624
eiboidne,37.61522,-122.39017
eicmynts,37.79286,-122.39747
eifvid,37.79461,-122.41737
eincufpy,37.75162,-122.39405
eitpem,37.75152,-122.39498
ejcrur,37.78778,-122.42706
ejesbay,37.78878,-122.44243
ejkipub,37.7506,-122.3934
ejnoax,37.59875,-122.38725
ejshigib,37.78794,-122.40838
ejtobu,37.6149,-122.3909
ekenucki,37.75158,-122.39524
ekfrab,37.6156,-122.38855
ektamy,37.78928,-122.40787
ektuyo,37.75157,-122.39469
ekyosjo,37.79398,-122.39755
elaflevy,37.69554,-122.39192
elbnaxa,37.55358,-122.37784
elfyea,37.6162,-122.38622
elhuyoi,37.75135,-122.39364
ellimtbu,37.7742,-122.40495
elswcky,37.79122,-122.40771
elvgid,37.75171,-122.39391
elwesnn,37.75135,-122.39537
enarwee,37.73317,-122.19804
enekbl,37.75146,-122.39519
enidmopt,37.61562,-122.3884
enjubpl,37.77696,-122.5069
enkkand,37.7485,-122.47499
enyenewl,37.78038,-122.47722
enyonsn,37.75166,-122.39523
eoccoirv,37.79074,-122.41224
eoffrij,37.6165,-122.38609
eoivqued,37.78351,-122.48492
eokracy,37.61464,-122.38806
eolgug,37.61657,-122.38611
eosluip,37.61482,-122.3926
eotcue,37.75136,-122.395
eovsyt,37.74217,-122.42325
eoydba,37.79146,-122.42646
epabcadu,37.61553,-122.38876
epemvagu,37.75162,-122.39355
epkiapme,37.68675,-122.39022
equioc,37.82661,-122.27913
equoaw,37.78949,-122.42934
erjboyni,37.88167,-122.51654
erjcrey,37.78854,-122.407
erjtail,37.79124,-122.39754
erulghiv,37.61611,-122.3844
erwumu,37.79416,-122.39633
eryeig,37.77272,-122.4406
eshria,37.77161,-122.3976
eshroa,37.61627,-122.38617
esnddceb,37.61473,-122.39195
esudcejo,37.78275,-122.44718
etalrab,37.7846,-122.40834
etirnfew,37.7605,-122.46399
etnads,37.75285,-122.43445
eufdod,37.80782,-122.41906
evbacclu,37.80472,-122.40353
evdyffu,37.76754,-122.433
evfler,37.7518,-122.39413
evijcey,37.40192,-122.04119
evjoko,37.80615,-122.41628
evmaja,37.71318,-122.45414
evtitdea,37.79599,-122.42174
ewbglo,37.79056,-122.42264
ewedkl,37.7758,-122.42416
ewufri,37.79168,-122.40384
ewvnil,37.73903,-122.19678
exskafvo,37.78682,-122.40309
eybmij,37.60464,-122.38329
eybyay,37.7742,-122.43669
eydadgio,37.61551,-122.38852
eytups,37.62397,-122.40149
iacbyb,37.75158,-122.39395
iackaw,37.7738,-122.43971
iafbagci,37.79698,-122.41033
iafstnue,37.74826,-122.41164
iaggrijo,37.77034,-122.15099
iagods,37.61287,-122.39526
iahorou,37.78595,-122.41969
iapberci,37.78032,-122.40345
iatmeuns,37.60823,-122.42024
iatojbo,37.80033,-122.43271
iawxben,37.6164,-122.38614
ibflsruc,37.75155,-122.39515
ibgryk,37.75151,-122.39516
iblool,37.61632,-122.38803
ibpijda,37.78842,-122.43196
ibwicim,37.70233,-122.39375
icagpony,37.75131,-122.39468
icdaheos,37.6165,-122.38607
icdapnu,37.76892,-122.42684
icdultha,37.78809,-122.40903
icedpa,37.75177,-122.39395
ichankru,37.75051,-122.39255
ichikiga,37.7836,-122.40344
ickguwa,37.78123,-122.49237
ickphiwa,37.79388,-122.39251
ickviya,37.7516,-122.39498
icodmup,37.61562,-122.3886
ictlypt,37.7924,-122.22753
ictmuog,37.77328,-122.40836
icwiroic,37.80008,-122.39822
idbaybim,37.61449,-122.38993
idcadgi,37.79464,-122.39631
ideutgoa,37.75142,-122.39508
idholv,37.78982,-122.41215
idjoat,37.75143,-122.39535
idjojwa,37.7513,-122.39457
idjokva,37.78385,-122.40978
idlorra,37.79268,-122.41438
idodly,37.78903,-122.39146
idshywr,37.77382,-122.43759
idsmuk,37.61644,-122.38612
idtwal,37.75132,-122.39474
idvowwed,37.61604,-122.39791
ifanfadd,37.62739,-122.40201
ifefrof,37.75531,-122.3912
ifelas,37.79632,-122.26957
ifeshce,37.75183,-122.39499
ifkalda,37.62366,-122.40136
ifragcic,37.7891,-122.40198
igglitby,37.78346,-122.42089
igsoysla,37.79799,-122.43228
igvidth,37.80303,-122.43161
ijcoga,37.76754,-122.40556
ijdeyd,37.7713,-122.42313
ijhigof,37.78226,-122.40138
ijhipvo,37.79178,-122.4074
ijpiawl,37.79933,-122.40899
ijprukfr,37.61602,-122.39007
ijthind,37.68137,-122.389
ijtowhur,37.61655,-122.38597
ikdagcy,37.61454,-122.39288
ikkimm,37.74483,-122.4834
ikujfurk,37.61624,-122.3861
ilcoby,37.61569,-122.38464
ilkble,37.61653,-122.38614
ilkedve,37.76865,-122.42024
ilyutje,37.77111,-122.44716
imhacy,37.75189,-122.39482
imneesu,37.77792,-122.39242
imoikcha,37.68823,-122.39036
imwrytsy,37.63319,-122.46653
imwyojy,37.78984,-122.40373
inckkiv,37.79159,-122.40486
indtwrat,37.7894,-122.42408
indyep,37.61317,-122.38931
inghoghe,37.66036,-122.42876
inghoth,37.78738,-122.40323
inhiala,37.75132,-122.39411
inlica,37.78829,-122.40658
inquay,37.77327,-122.40833
inshfola,37.75196,-122.39424
insodfl,37.78176,-122.43076
ioajdig,37.79454,-122.42158
ioangio,37.61561,-122.39016
iodjiesh,37.7869,-122.38809
iodlac,37.78862,-122.40201
iofplik,37.75135,-122.39532
ioivkn,37.78913,-122.4137
iorjtwav,37.76593,-122.46772
iotklojy,37.74281,-122.45549
iovhar,37.78469,-122.40086
iovlito,37.79511,-122.39987
ioytgor,37.71652,-122.49682
ipdioisi,37.7884,-122.40178
ipdraw,37.61627,-122.386
iphespha,37.66048,-122.42947
iphybcay,37.78254,-122.49134
ipjiert,37.79777,-122.40638
ippfeip,37.61778,-122.38639
irjfen,37.80549,-122.44476
isekdyp,37.78581,-122.40643
isfikti,37.75199,-122.39446
ishvirv,37.7914,-122.42086
isnthli,37.73815,-122.40366
ispawwye,37.77372,-122.41177
isvayd,37.71565,-122.39841
itacfl,37.74685,-122.20182
itbadpi,37.75134,-122.39535
itbejsco,37.79353,-122.39622
itcemra,37.72277,-122.40092
ithpett,37.73214,-122.40589
itmeps,37.75162,-122.39393
itpivoa,37.8029,-122.46763
itquirla,37.5663,-122.28071
ivheoo,37.6165,-122.3862
ivkockim,37.72501,-122.47517
izowcu,37.75142,-122.39519
oadwowd,37.61788,-122.3862
oafhynu,37.7515,-122.39498
oahudflo,37.74935,-122.40222
oakpikoo,37.75178,-122.39432
oapwycti,37.75133,-122.39398
oasthul,37.61647,-122.38616
obacvau,37.77488,-122.40995
obceoo,37.78401,-122.41587
obheujvo,37.77368,-122.41878
objoyhi,37.75132,-122.39389
oblyaga,37.77277,-122.40625
obsimjio,37.71841,-122.39927
occeyd,37.6139,-122.39757
occroksy,37.61581,-122.38751
ochotcil,37.79106,-122.42401
ochtin,37.71154,-122.21163
ocjeng,37.77602,-122.40684
ockihoba,37.77737,-122.50132
ockoac,37.60878,-122.38686
ockolral,37.78862,-122.40691
ocshitcl,37.75175,-122.39462
ocwyit,37.69816,-122.02256
odklobci,37.81952,-122.25292
odlorhem,37.79608,-122.26864
odocjeca,37.77524,-122.41902
odolfev,37.77816,-122.4385
odoywug,37.75133,-122.39439
odscixam,37.79304,-122.41781
ofikco,37.7169,-122.39875
ofjeequo,37.78594,-122.41087
ofodwo,37.80031,-122.41055
ogawjem,37.79332,-122.39927
ogdygdyd,37.7621,-122.44053
oggluv,37.78724,-122.43167
ogijtri,37.75169,-122.39446
ogikligu,37.79717,-122.43488
ogjoch,37.78569,-122.44003
ognowwoz,37.78415,-122.41091
ogofvoit,37.75185,-122.42491
ogphagpi,37.7689,-122.41995
ogshtcew,37.77922,-122.40178
ogurjupo,37.77962,-122.41373
oilrag,37.71448,-122.39733
oiphye,37.75052,-122.39468
oipial,37.7513,-122.39386
oirzgont,37.79002,-122.42113
oivnabyo,37.78599,-122.40971
ojachme,37.78818,-122.40845
ojbaso,37.74821,-122.41217
ojfanni,37.75141,-122.39472
ojfequia,37.76977,-122.41331
ojfieza,37.78297,-122.48058
ojpoota,37.7807,-122.4391
ojroigna,37.80598,-122.41766
ojumna,37.79913,-122.40847
ojvighta,37.76726,-122.42902
ojwyky,37.6156,-122.38821
okavkau,37.72288,-122.45088
okblahed,37.77799,-122.39215
okchympy,37.7397,-122.40902
okneydy,37.78194,-122.42812
oknscocy,37.6164,-122.38603
okquakar,37.76603,-122.40346
oksbosfl,37.67099,-122.39176
oktulsy,37.67827,-122.38854
okvats,37.76494,-122.42418
oljnek,37.78628,-122.43914
omcuky,37.78707,-122.41015
omdrid,37.77655,-122.39353
omluaj,37.78873,-122.40034
omwyek,37.78867,-122.4101
onannsov,37.75176,-122.3949
oncalku,37.73561,-122.50249
oncixpi,37.79491,-122.41315
onghoji,37.61513,-122.38577
onkawcel,37.79742,-122.4102
ononma,37.61631,-122.3861
onvahe,37.71433,-122.39937
onwohyss,37.61636,-122.38917
onyacju,37.46601,-122.15696
onyenre,37.6163,-122.38604
oocsodpl,37.7899,-122.41094
oogchyog,37.65085,-122.42
ootquoa,37.76945,-122.41252
ootyecls,37.79111,-122.41644
oowfmu,37.7946,-122.39546
opgovebo,37.7937,-122.39904
ophgir,37.65916,-122.46277
ophugbe,37.6164,-122.38594
opjermp,37.75194,-122.39375
opmisa,37.78858,-122.4034
opnown,37.75155,-122.39376
oquiat,37.79428,-122.40781
orkbats,37.79658,-122.40534
orocdu,37.75133,-122.39399
orptme,37.78684,-122.41114
orrrar,37.64176,-122.40595
orsyalf,37.78123,-122.46087
osacmu,37.75135,-122.39389
osckro,37.75144,-122.39518
oshyon,37.61549,-122.39745
osoccef,37.75151,-122.39461
otasfier,37.76097,-122.43494
otfahona,37.75126,-122.39538
otmegok,37.75167,-122.39353
otscokdr,37.783,-122.42237
otswrank,37.74876,-122.42234
otvasdar,37.69448,-122.39165
ouvdank,37.61653,-122.38614
ovkojy,37.79238,-122.39822
ovnacgad,37.78547,-122.40113
ovyijna,37.75189,-122.39474
owbsuscs,37.77966,-122.43833
owgves,37.7514,-122.39533
owhagme,37.7815,-122.45887
owufrey,37.78746,-122.3973
oxdoghic,37.7881,-122.40945
oyclsdas,37.731,-122.43679
oydtesa,37.61647,-122.38592
oygmebra,37.75171,-122.39399
oygvar,37.62067,-122.40025
ubgihoot,37.91503,-122.30997
ubjajo,37.8051,-122.41776
ubjaju,37.78434,-122.43395
ubnankke,37.63275,-122.39923
ubzachy,37.75171,-122.39381
ucbiyaym,37.75168,-122.39526
ucdewy,37.75007,-122.39339
ucgewft,37.61501,-122.39395
uchjafy,37.78589,-122.40168
ucovlato,37.61576,-122.38782
ucvepnuv,37.75136,-122.39535
udguic,37.73124,-122.43616
udthon,37.75131,-122.39495
udtiogi,37.80611,-122.41004
udveoyx,37.78633,-122.4505
udwadla,37.82356,-122.30243
udwebir,37.79171,-122.39785
udwiull,37.61708,-122.38447
ufdoyno,37.61578,-122.42231
ugatna,37.78719,-122.40675
ugdifbl,37.67936,-122.38838
uggdye,37.73199,-122.42801
ugifmav,37.61559,-122.38841
ugthfu,37.78609,-122.39603
ujhuki,37.75119,-122.39484
ujkiwe,37.71833,-122.39912
ujnawwe,37.65038,-122.40694
ujtosh,37.70158,-122.48499
ujtrud,37.61648,-122.3861
ukgoaf,37.6164,-122.38611
uklsdryo,37.79874,-122.44413
uljior,37.62278,-122.401
umhenwed,37.69082,-122.08507
umsmtha,37.78389,-122.40799
umvohug,37.71489,-122.39775
unquekov,37.79041,-122.42067
unwrain,37.78885,-122.4027
upchimy,37.7667,-122.42006
upsjavci,37.79993,-122.46034
upthin,37.78611,-122.4561
urfhod,37.61564,-122.38475
usadrifo,37.75187,-122.39498
usbekhia,37.75146,-122.39355
ushfeoj,37.78391,-122.41929
uthiss,37.78148,-122.40817
uthomoov,37.80754,-122.41402
uthsyis,37.68143,-122.4774
utjanre,37.78784,-122.41162
utkibedy,37.79212,-122.41172
utlurva,37.8197,-122.34016
utthwaju,37.78867,-122.40761
uttorhig,37.75119,-122.39341
utvohovy,37.76969,-122.44958
utwoab,37.78946,-122.41431
uvburki,37.77196,-122.40716
uvigcho,37.61571,-122.38804
uvjeahot,37.61569,-122.38797
uvjova,37.61508,-122.39016
uvreoipy,37.76075,-122.43687
